asset_id,serial_number,asset_type,purchase_date,cost,os_version,status,location,owner_emp_id,warranty_expiry,last_audit_date
A0001,MI1065133,Monitor,2024-06-11,440.29,,Retired,Building B,46.0,2025-06-11,2025-01-28
A0002,DP4731781,Laptop,2022-09-07,1759.64,macOS 13,In Use,Building B,56.0,2023-09-07,2026-09-24
A0003,ZD1326773,Docking Station,2025-07-31,155.59,,Retired,Building B,24.0,2028-07-30,2024-03-23
A0004,JM6474687,Desktop,2019-09-30,1437.19,Windows 10,In Storage,Building B,11.0,2024-09-28,2024-08-15
A0005,EG9805009,Docking Station,2026-07-06,153.99,,In Storage,Warehouse,54.0,2027-07-06,2026-06-28
A0006,RP0812191,Desktop,2023-06-13,1603.98,macOS 13,Pending Disposal,Warehouse,5.0,2026-06-12,2024-12-10
A0007,AQ9399091,Monitor,2026-04-27,224.42,,Pending Disposal,Remote,57.0,2031-04-26,2025-06-25
A0008,QP4353462,Desktop,2023-05-23,991.37,Windows 11,Retired,Remote,58.0,2028-05-21,2024-08-18
A0009,IN1079911,Monitor,2021-12-11,226.76,,In Storage,Remote,6.0,2022-12-11,2025-04-01
A0010,IT5135427,Laptop,2020-08-28,1098.69,Windows 11,Pending Disposal,Building A,25.0,2025-08-27,2024-08-21
A0011,HG8084124,Docking Station,2026-08-13,205.82,,In Use,Building A,44.0,2029-08-12,2025-12-16
A0012,HG8084124,Monitor,2020-10-26,189.04,,Pending Disposal,Building B,30.0,2021-10-26,2026-06-13
A0013,OQ1640052,Monitor,2025-08-26,490.16,,In Storage,Building A,56.0,2028-08-25,2024-03-20
A0014,CX6801128,Desktop,2022-10-28,868.12,Windows 11,In Use,Warehouse,32.0,2023-10-28,2025-06-24
A0015,RP2045053,Laptop,2020-10-07,2107.83,macOS 13,In Storage,Building A,16.0,2021-10-07,2025-09-24
A0016,AB8692322,Laptop,2022-03-17,1851.48,Windows 10,In Storage,Building B,,2027-03-16,2024-04-08
A0017,EO6342160,Desktop,2026-03-14,991.56,macOS 15,Pending Disposal,Building B,60.0,2029-03-13,2024-04-30
A0018,VR5433036,Monitor,2026-02-27,289.65,,Retired,Remote,58.0,2031-02-26,2026-04-29
A0019,VR5433036,Laptop,2026-07-01,1222.28,Windows 10,Retired,Building A,38.0,2029-06-30,2024-04-07
A0020,BM4019655,Desktop,2026-06-20,707.91,Windows 10,In Storage,Building A,58.0,2027-06-20,2026-09-07
A0021,ZI9340608,Monitor,2020-07-16,174.8,,In Storage,Warehouse,43.0,2025-07-15,2025-10-16
A0022,QH3561595,Desktop,2026-04-24,1293.16,macOS 15,Pending Disposal,Building B,51.0,2031-04-23,2025-11-21
A0023,MA4656482,Docking Station,2021-10-31,138.08,,In Use,Remote,23.0,2026-10-30,2025-09-22
A0024,TS2994680,Docking Station,2022-05-21,193.4,,In Use,Building A,4.0,2027-05-20,2024-05-12
A0025,EY9577738,Monitor,2025-03-25,430.21,,In Use,Building B,13.0,2028-03-24,2026-06-08
A0026,WP2148951,Docking Station,2025-04-20,128.04,,In Storage,Warehouse,30.0,2028-04-19,2025-10-01
A0027,XE3200379,Laptop,2021-04-21,1476.07,macOS 15,In Use,Building A,42.0,2022-04-21,2025-02-05
A0028,PS9367632,Laptop,2025-12-06,2104.28,Windows 11,In Storage,Remote,32.0,2030-12-05,2023-10-01
A0029,JP1632870,Desktop,2024-12-26,1651.12,Windows 10,In Storage,Remote,1.0,2029-12-25,2026-06-26
A0030,NU2788957,Monitor,2020-07-31,474.28,,Pending Disposal,Warehouse,28.0,2025-07-30,2026-05-29
A0031,OR8727743,Desktop,2022-09-19,908.89,Windows 11,In Use,Building A,48.0,2025-09-18,2026-01-11
A0032,VU3471434,Laptop,2023-05-19,965.19,macOS 14,In Storage,Building A,33.0,2024-05-18,2026-05-30
A0033,AV2362316,Desktop,2020-04-17,775.37,Windows 10,In Storage,Remote,8.0,2023-04-17,2025-05-11
A0034,EA3669096,Laptop,2022-08-22,1705.2,macOS 14,Retired,Warehouse,14.0,2025-08-21,2026-07-24
A0035,OR6688937,Desktop,2021-10-27,992.18,Windows 11,Retired,Remote,21.0,2022-10-27,2025-01-14
A0036,BZ5627298,Laptop,2019-12-08,1495.77,macOS 15,In Use,Building A,35.0,2022-12-07,2025-07-04
A0037,YU1627204,Monitor,2024-05-15,196.36,,Retired,Building A,57.0,2027-05-15,2024-05-13
A0038,VI6464170,Monitor,2022-01-07,249.75,,Pending Disposal,Warehouse,,2023-01-07,2023-11-21
A0039,VI6464170,Monitor,2026-05-24,476.11,,In Use,Building B,,2027-05-24,2024-06-12
A0040,MM1937452,Laptop,2023-01-17,1865.14,Windows 11,Retired,Warehouse,39.0,2026-01-16,2026-08-16
A0041,RY2419049,Monitor,2024-10-04,221.26,,Retired,Remote,17.0,2025-10-04,2024-12-02
A0042,YK1931491,Laptop,2024-09-25,1724.57,macOS 13,In Use,Building A,22.0,2027-09-25,2026-01-29
A0043,FG6518506,Monitor,2022-02-28,206.55,,Pending Disposal,Remote,36.0,2023-02-28,2025-01-12
A0044,ZI7262849,Laptop,2022-04-07,997.82,Windows 11,In Use,Warehouse,38.0,2025-04-06,2026-01-21
A0045,PW9453147,Docking Station,2022-12-26,125.49,,Retired,Warehouse,58.0,2023-12-26,2025-02-15
A0046,NW6507527,Monitor,2024-01-02,223.53,,In Storage,Building A,23.0,2028-12-31,2026-02-15
A0047,PU9480831,Desktop,2022-02-10,1718.34,Windows 11,In Storage,Building B,57.0,2027-02-09,2024-12-13
A0048,OZ3777014,Laptop,2023-08-14,1133.17,macOS 13,Pending Disposal,Building B,,2026-08-13,2025-10-22
A0049,VJ9578856,Laptop,2021-11-15,1397.3,Windows 10,Pending Disposal,Building B,13.0,2026-11-14,2024-09-21
A0050,HV4443135,Monitor,2024-08-25,256.82,,In Storage,Building B,2.0,2027-08-25,2025-05-04
A0051,MS2337498,Docking Station,2025-01-24,165.65,,In Use,Warehouse,23.0,2030-01-23,2026-09-03
A0052,IR4352408,Monitor,2025-07-23,478.73,,In Use,Warehouse,12.0,2028-07-22,2023-11-13
A0053,EE4271094,Laptop,2020-02-11,1040.92,macOS 14,Retired,Warehouse,28.0,2021-02-10,2025-01-19
A0054,EK0471167,Docking Station,2021-01-08,279.9,,In Storage,Warehouse,3.0,2026-01-07,2025-08-14
A0055,EK0471167,Laptop,2020-02-09,1575.9,macOS 15,In Storage,Warehouse,28.0,2021-02-08,2025-07-20
A0056,BT3867749,Monitor,2025-04-07,368.1,,In Use,Warehouse,33.0,2028-04-06,2025-06-09
A0057,LJ1334123,Docking Station,2020-02-25,165.24,,Retired,Building B,13.0,2025-02-23,2023-12-16
A0058,TS7974034,Docking Station,2019-10-01,235.46,,In Storage,Warehouse,26.0,2020-09-30,2025-11-03
A0059,OP3493618,Monitor,2022-11-28,250.42,,Pending Disposal,Warehouse,30.0,2027-11-27,2024-03-06
A0060,SC2102499,Docking Station,2021-08-03,235.13,,Pending Disposal,Building B,43.0,2022-08-03,2024-02-08
A0061,MC6488771,Monitor,2024-07-20,330.41,,Retired,Building A,53.0,2027-07-20,2026-05-26
A0062,BW9401399,Monitor,2024-11-14,228.62,,In Storage,Building B,2.0,2025-11-14,2025-09-30
A0063,LB0278742,Desktop,2021-08-13,1782.33,macOS 15,In Use,Remote,27.0,2024-08-12,2025-08-20
A0064,KV1756551,Docking Station,2023-03-04,198.88,,In Storage,Building B,42.0,2024-03-03,2024-12-19
A0065,UH6807154,Laptop,2023-03-14,1911.95,Windows 11,In Storage,Remote,4.0,2026-03-13,2026-08-23
A0066,HX8087603,Laptop,2022-07-24,1493.4,macOS 14,Retired,Remote,40.0,2027-07-23,2025-08-07
A0067,CS7034824,Docking Station,2023-03-22,279.44,,Pending Disposal,Remote,17.0,2026-03-21,2025-03-09
A0068,AF9324808,Monitor,2019-12-07,418.03,,Pending Disposal,Building B,18.0,2024-12-05,2024-05-28
A0069,TR1712748,Laptop,2025-08-14,1827.61,Windows 11,Retired,Warehouse,21.0,2026-08-14,2024-12-23
A0070,MG7378263,Desktop,2023-02-09,865.91,macOS 14,In Storage,Building B,5.0,2028-02-08,2025-12-20
A0071,SU1465840,Docking Station,2020-09-07,166.18,,Pending Disposal,Remote,4.0,2023-09-07,2024-08-17
A0072,JW7278755,Docking Station,2023-11-03,177.9,,In Use,Remote,31.0,2024-11-02,2025-05-12
A0073,CU5339636,Monitor,2022-12-01,254.51,,Pending Disposal,Remote,35.0,2025-11-30,2025-12-19
A0074,LV6627028,Docking Station,2024-08-31,143.88,,Pending Disposal,Remote,2.0,2029-08-30,2026-05-05
A0075,PJ7187026,Monitor,2025-11-06,384.11,,Pending Disposal,Building B,54.0,2030-11-05,2023-12-16
A0076,YU4596158,Desktop,2025-03-14,1778.79,macOS 15,In Use,Remote,38.0,2026-03-14,2025-08-11
A0077,OV7809134,Laptop,2025-12-10,1735.57,Windows 11,Pending Disposal,Building B,4.0,2028-12-09,2024-01-02
A0078,YD1724005,Docking Station,2026-07-30,165.47,,Pending Disposal,Warehouse,22.0,2031-07-29,2024-08-11
A0079,LF2386922,Monitor,2022-05-10,413.2,,Pending Disposal,Warehouse,54.0,2023-05-10,2025-07-24
A0080,DQ3792374,Docking Station,2022-05-29,103.88,,In Use,Warehouse,15.0,2023-05-29,2025-09-24
A0081,LT7482175,Laptop,2026-01-08,1880.5,Windows 11,In Storage,Building A,40.0,2029-01-07,2025-08-25
A0082,PY4743671,Desktop,2022-09-13,838.84,Windows 10,In Storage,Remote,45.0,2025-09-12,2025-06-12
A0083,MV4064090,Monitor,2023-10-03,208.73,,In Use,Building B,,2024-10-02,2025-03-22
A0084,QR4395339,Laptop,2026-01-22,2107.55,macOS 15,Pending Disposal,Remote,46.0,2029-01-21,2025-12-31
A0085,QR4395339,Laptop,2025-02-06,1669.73,Windows 11,In Use,Warehouse,55.0,2026-02-06,2024-02-16
A0086,HG5623285,Laptop,2026-02-05,1351.36,macOS 14,Retired,Building A,33.0,2029-02-04,2026-06-22
A0087,JW4745171,Laptop,2025-07-17,2004.45,macOS 14,In Use,Remote,24.0,2030-07-16,2026-08-19
A0088,IH6851604,Desktop,2025-10-01,1179.04,macOS 15,Retired,Remote,,2030-09-30,2025-02-04
A0089,BN4965137,Monitor,2024-06-09,262.81,,In Storage,Building A,18.0,2029-06-08,2026-05-21
A0090,IC9317461,Desktop,2023-08-29,1525.52,macOS 15,Pending Disposal,Warehouse,2.0,2028-08-27,2026-07-28
A0091,DX7113826,Monitor,2021-11-10,213.64,,In Storage,Warehouse,52.0,2024-11-09,2025-09-28
A0092,NA8692617,Monitor,2024-12-06,247.88,,Retired,Building A,34.0,2027-12-06,2026-07-20
A0093,RX5377351,Laptop,2021-09-09,1213.76,macOS 14,Pending Disposal,Building B,45.0,2026-09-08,2025-05-13
A0094,FQ5064317,Docking Station,2026-07-29,189.63,,In Use,Building A,19.0,2029-07-28,2024-05-14
A0095,EW0053293,Docking Station,2024-03-16,238.36,,Retired,Warehouse,31.0,2027-03-16,2025-05-24
A0096,II3529042,Docking Station,2023-11-01,299.33,,Retired,Warehouse,45.0,2028-10-30,2024-06-25
A0097,BL0205395,Monitor,2020-12-14,257.32,,In Storage,Building A,47.0,2023-12-14,2024-07-11
A0098,GL6811775,Monitor,2020-08-13,191.84,,In Storage,Building B,14.0,2025-08-12,2024-01-22
A0099,EZ9084700,Monitor,2023-04-04,403.6,,Retired,Building A,54.0,2026-04-03,2025-01-04
A0100,IR7115921,Monitor,2020-06-26,229.62,,In Storage,Warehouse,1.0,2023-06-26,2025-08-09
A0101,MB5698478,Monitor,2023-10-30,165.93,,In Use,Warehouse,45.0,2026-10-29,2024-01-11
A0102,DZ8367365,Docking Station,2024-08-22,120.52,,In Use,Warehouse,31.0,2029-08-21,2024-12-23
A0103,FF6545271,Docking Station,2020-05-25,168.14,,In Use,Warehouse,56.0,2025-05-24,2024-01-05
A0104,VQ5280988,Laptop,2020-05-28,1968.75,macOS 14,Pending Disposal,Building A,37.0,2021-05-28,2024-02-05
A0105,KG6049451,Desktop,2022-03-16,864.12,macOS 15,Retired,Building A,16.0,2023-03-16,2024-05-15
A0106,KO3158514,Docking Station,2024-04-29,221.26,,In Storage,Remote,29.0,2029-04-28,2026-02-25
A0107,LR9980940,Monitor,2025-08-24,451.06,,Pending Disposal,Warehouse,37.0,2026-08-24,2025-11-03
A0108,EJ5502296,Laptop,2021-11-22,2131.87,Windows 11,In Storage,Warehouse,43.0,2022-11-22,2025-12-15
A0109,KX1836675,Desktop,2026-07-13,963.85,macOS 15,In Use,Building B,1.0,2031-07-12,2024-08-31
A0110,DR9910229,Docking Station,2022-01-01,237.87,,Pending Disposal,Warehouse,3.0,2024-12-31,2023-12-23
A0111,WG6797643,Monitor,2022-10-31,397.43,,Pending Disposal,Building A,44.0,2025-10-30,2024-01-27
A0112,ZM4978403,Monitor,2022-09-27,425.74,,In Storage,Remote,8.0,2025-09-26,2023-11-24
A0113,FV3244510,Desktop,2021-02-28,1699.25,Windows 11,In Use,Building A,11.0,2024-02-28,2025-01-08
A0114,VC8388516,Monitor,2020-08-20,303.7,,Pending Disposal,Warehouse,45.0,2025-08-19,2025-01-15
A0115,SH1596966,Monitor,2022-12-13,325.17,,Pending Disposal,Remote,6.0,2023-12-13,2024-12-11
A0116,PB2975161,Docking Station,2026-06-29,246.91,,Retired,Building A,6.0,2029-06-28,2025-07-01
A0117,GO6453521,Laptop,2023-05-26,2199.44,macOS 13,In Use,Building B,31.0,2028-05-24,2024-01-27
A0118,ML5523124,Monitor,2023-04-20,213.52,,Pending Disposal,Remote,6.0,2028-04-18,2025-07-16
A0119,RK1277997,Monitor,2025-01-19,292.92,,Retired,Building A,55.0,2028-01-19,2025-08-29
A0120,OT5527177,Monitor,2026-08-20,294.08,,Pending Disposal,Warehouse,43.0,2031-08-19,2026-02-13
A0121,DX5814770,Laptop,2023-11-14,1491.27,macOS 13,Retired,Warehouse,8.0,2028-11-12,2026-03-24
A0122,JY1998679,Laptop,2020-04-08,1754.96,macOS 15,Pending Disposal,Remote,4.0,2023-04-08,2025-12-12
A0123,DC9359782,Monitor,2020-01-07,367.92,,Pending Disposal,Remote,49.0,2021-01-06,2024-01-16
A0124,CH5182037,Desktop,2026-01-09,993.76,Windows 11,Retired,Remote,57.0,2031-01-08,2025-04-19
A0125,YO5466590,Laptop,2020-11-03,937.53,macOS 15,In Storage,Building B,20.0,2021-11-03,2025-09-03
A0126,VF1864492,Docking Station,2020-03-11,118.64,,In Use,Remote,8.0,2023-03-11,2025-06-24
A0127,JY5462914,Docking Station,2020-09-20,286.53,,Retired,Warehouse,27.0,2025-09-19,2025-08-30
A0128,XT2816850,Docking Station,2022-01-11,148.75,,In Storage,Remote,13.0,2025-01-10,2024-04-09
A0129,YG7332214,Laptop,2021-03-25,1259.12,macOS 14,Retired,Warehouse,53.0,2022-03-25,2025-04-03
A0130,JK8059296,Monitor,2023-07-05,404.12,,Pending Disposal,Building B,29.0,2028-07-03,2024-04-10
A0131,CN9270653,Monitor,2024-07-30,266.35,,Pending Disposal,Remote,60.0,2027-07-30,2024-08-02
A0132,XR7383473,Desktop,2024-12-20,1778.85,Windows 11,Pending Disposal,Building B,55.0,2029-12-19,2026-07-29
A0133,MZ7468862,Laptop,2026-08-15,1313.63,macOS 14,Pending Disposal,Remote,43.0,2029-08-14,2025-07-18
A0134,SF0758181,Docking Station,2025-11-03,292.96,,In Storage,Warehouse,56.0,2026-11-03,2026-01-08
A0135,SF0758181,Docking Station,2021-08-22,119.94,,Pending Disposal,Building A,47.0,2024-08-21,2023-11-22
A0136,GT3615305,Docking Station,2023-03-31,274.19,,In Storage,Building A,31.0,2026-03-30,2025-09-06
A0137,NA2047277,Monitor,2025-04-08,368.14,,Pending Disposal,Building A,55.0,2028-04-07,2026-06-13
A0138,XS3289861,Docking Station,2019-11-12,290.83,,Pending Disposal,Building A,40.0,2020-11-11,2024-06-11
A0139,MI3697117,Desktop,2020-08-01,1394.28,macOS 13,In Storage,Building A,28.0,2021-08-01,2023-10-13
A0140,PK3246095,Laptop,2023-05-04,1476.78,macOS 13,In Use,Building A,21.0,2024-05-03,2024-12-24
A0141,YG1851888,Monitor,2024-05-19,275.46,,Pending Disposal,Building B,16.0,2029-05-18,2025-05-24
A0142,YE7065405,Desktop,2022-06-18,886.98,Windows 10,Pending Disposal,Building B,32.0,2025-06-17,2024-10-06
A0143,VP1952058,Desktop,2024-11-10,1207.26,macOS 13,Pending Disposal,Warehouse,43.0,2025-11-10,2024-04-03
A0144,SM7722170,Docking Station,2025-03-08,280.24,,In Storage,Building A,29.0,2028-03-07,2023-11-12
A0145,QC0548687,Monitor,2021-02-15,373.63,,Pending Disposal,Warehouse,30.0,2024-02-15,2025-12-28
A0146,ZV5054156,Desktop,2021-01-25,1799.31,macOS 14,In Use,Building B,25.0,2024-01-25,2025-01-18
A0147,ZF5277584,Monitor,2026-06-04,497.44,,Retired,Building A,54.0,2031-06-03,2025-11-29
A0148,UQ9284511,Monitor,2020-04-13,152.83,,In Use,Remote,54.0,2023-04-13,2024-08-14
A0149,NB6275705,Desktop,2022-11-07,1367.77,macOS 13,In Storage,Building B,40.0,2025-11-06,2024-07-21
A0150,JM0165820,Desktop,2026-08-03,1391.07,Windows 10,Retired,Remote,3.0,2029-08-02,2025-10-07
A0151,CM2135569,Desktop,2022-10-18,799.15,macOS 13,Retired,Remote,12.0,2025-10-17,2024-03-11
A0152,CM2135569,Desktop,2022-11-18,1565.16,macOS 13,Retired,Building B,17.0,2027-11-17,2024-09-03
A0153,HQ1027868,Monitor,2021-09-06,411.3,,Retired,Building A,30.0,2022-09-06,2026-01-21
A0154,EC3947312,Desktop,2024-08-28,1529.57,Windows 11,Pending Disposal,Warehouse,6.0,2029-08-27,2024-04-01
A0155,TK1551884,Laptop,2024-09-21,1243.8,Windows 10,Pending Disposal,Warehouse,44.0,2027-09-21,2025-11-13
A0156,PY2583132,Docking Station,2026-03-22,264.48,,Retired,Building A,44.0,2029-03-21,2025-03-19
A0157,ET9578291,Docking Station,2022-04-04,105.0,,Retired,Building B,42.0,2023-04-04,2024-12-04
A0158,UP7866912,Docking Station,2024-09-30,281.88,,Retired,Remote,8.0,2027-09-30,2023-12-15
A0159,BG8528922,Laptop,2022-12-28,2130.14,macOS 13,Pending Disposal,Building A,7.0,2025-12-27,2026-06-19
A0160,TO1824225,Desktop,2020-02-13,1127.51,macOS 13,Pending Disposal,Building B,57.0,2025-02-11,2024-10-08
A0161,OT4143842,Laptop,2026-04-25,1983.8,macOS 15,Pending Disposal,Warehouse,3.0,2029-04-24,2025-07-29
A0162,VK2992299,Desktop,2020-05-20,1187.72,Windows 11,Retired,Building A,44.0,2023-05-20,2023-11-09
A0163,NO1094396,Monitor,2025-10-10,171.19,,Retired,Building B,8.0,2030-10-09,2023-10-28
A0164,DE8447364,Laptop,2025-12-14,1761.6,macOS 15,In Use,Building A,51.0,2028-12-13,2025-10-18
A0165,DE8447364,Desktop,2020-11-02,1787.7,macOS 15,In Storage,Building A,54.0,2023-11-02,2024-09-08
A0166,UP5625881,Desktop,2026-08-24,1594.36,Windows 11,Retired,Building B,51.0,2027-08-24,2025-02-17
A0167,AP3210469,Monitor,2021-08-08,450.44,,In Storage,Building B,35.0,2024-08-07,2026-08-15
A0168,DF5953278,Desktop,2026-01-17,820.92,Windows 10,In Storage,Building A,23.0,2029-01-16,2026-05-15
A0169,WD1687339,Monitor,2023-03-19,155.52,,Retired,Building A,9.0,2028-03-17,2023-11-19
A0170,QU7480162,Laptop,2023-03-12,1869.36,macOS 14,Pending Disposal,Warehouse,33.0,2024-03-11,2024-10-29
A0171,JS0609835,Docking Station,2022-07-21,200.77,,In Use,Warehouse,30.0,2023-07-21,2023-12-14
A0172,ZX8499121,Laptop,2023-04-05,2198.16,macOS 14,Pending Disposal,Building A,32.0,2028-04-03,2026-02-12
A0173,CC5239868,Laptop,2022-02-07,2069.05,macOS 13,In Storage,Building A,9.0,2025-02-06,2023-11-06
A0174,UN7872982,Monitor,2024-09-21,283.32,,Retired,Remote,,2029-09-20,2024-09-08
A0175,FT9495888,Laptop,2022-06-25,1931.02,Windows 10,In Storage,Remote,29.0,2025-06-24,2025-06-02
A0176,YU0551694,Docking Station,2023-01-20,167.79,,Pending Disposal,Remote,,2024-01-20,2026-05-07
A0177,LE9749930,Monitor,2024-02-19,299.37,,Retired,Warehouse,10.0,2029-02-17,2024-03-29
A0178,MB9623091,Laptop,2024-02-18,1018.59,Windows 10,In Use,Remote,7.0,2027-02-17,2025-01-20
A0179,TI6368970,Desktop,2022-08-30,1312.01,macOS 15,Retired,Building A,27.0,2025-08-29,2025-04-15
A0180,VI7865278,Docking Station,2023-08-28,273.62,,In Use,Warehouse,39.0,2026-08-27,2024-10-17
A0181,TO4973348,Monitor,2025-02-18,186.26,,In Storage,Building B,43.0,2030-02-17,2026-07-22
A0182,YU4375758,Desktop,2026-08-09,1632.0,macOS 13,Retired,Building A,49.0,2029-08-08,2024-07-20
A0183,ST8665240,Desktop,2020-08-01,1587.94,macOS 15,In Use,Warehouse,2.0,2023-08-01,2023-12-20
A0184,SR4733848,Monitor,2026-03-13,395.94,,Retired,Warehouse,23.0,2027-03-13,2024-02-22
A0185,DG9330833,Desktop,2024-01-15,1656.85,macOS 15,Pending Disposal,Building A,10.0,2025-01-14,2024-12-20
A0186,EP1208267,Laptop,2024-10-01,1869.95,Windows 11,Pending Disposal,Remote,30.0,2027-10-01,2024-04-30
A0187,VU5401938,Desktop,2026-06-23,1107.06,macOS 13,In Use,Building A,10.0,2029-06-22,2026-04-13
A0188,VS2620672,Laptop,2019-12-29,1776.16,macOS 13,Pending Disposal,Remote,32.0,2024-12-27,2026-05-12
A0189,HF9915478,Docking Station,2019-10-18,154.63,,In Use,Warehouse,28.0,2020-10-17,2026-05-26
A0190,UD8743152,Monitor,2020-09-02,387.38,,Pending Disposal,Warehouse,3.0,2023-09-02,2025-09-04
A0191,OZ0549329,Docking Station,2024-10-04,296.89,,In Use,Building A,14.0,2027-10-04,2026-03-19
A0192,PA1612275,Desktop,2023-05-04,1544.08,macOS 13,Retired,Warehouse,8.0,2024-05-03,2024-07-06
A0193,PX4549904,Docking Station,2021-05-18,249.4,,In Storage,Building B,,2024-05-17,2025-10-23
A0194,SH1742684,Monitor,2020-03-01,175.23,,In Use,Remote,2.0,2025-02-28,2025-08-25
A0195,DV5933272,Laptop,2026-04-25,2020.74,macOS 15,Pending Disposal,Remote,46.0,2031-04-24,2026-09-12
A0196,HC8783391,Monitor,2022-05-06,190.31,,In Use,Warehouse,11.0,2027-05-05,2025-04-25
A0197,IJ9108839,Monitor,2022-04-06,180.85,,In Use,Building B,28.0,2027-04-05,2024-03-23
A0198,CZ7139718,Laptop,2025-09-17,1414.5,macOS 13,Retired,Building B,22.0,2028-09-16,2023-11-24
A0199,UB6790874,Laptop,2020-08-27,1563.63,Windows 10,In Storage,Warehouse,23.0,2023-08-27,2024-12-01
A0200,ID3910651,Desktop,2025-06-11,813.08,macOS 13,In Storage,Building B,39.0,2028-06-10,2026-07-15
A0201,XY7046226,Laptop,2020-03-19,1130.29,macOS 14,Pending Disposal,Remote,44.0,2023-03-19,2025-01-28
A0202,LI6618251,Monitor,2026-02-24,202.84,,In Use,Remote,29.0,2029-02-23,2024-11-28
A0203,IY3004786,Monitor,2020-08-15,357.0,,Retired,Building A,20.0,2025-08-14,2026-03-15
A0204,NX5243106,Docking Station,2021-06-18,107.52,,Retired,Warehouse,5.0,2022-06-18,2026-07-17
A0205,MR3311907,Docking Station,2025-12-14,192.54,,In Use,Remote,59.0,2028-12-13,2025-11-03
A0206,IG0673830,Monitor,2020-01-27,361.75,,In Storage,Building A,29.0,2021-01-26,2026-09-17
A0207,JQ9599534,Monitor,2021-05-15,493.83,,In Use,Building B,3.0,2024-05-14,2025-04-18
A0208,FD4089268,Docking Station,2022-08-17,298.2,,In Storage,Warehouse,24.0,2025-08-16,2026-08-25
A0209,YL6856624,Docking Station,2026-04-27,181.75,,Retired,Building A,51.0,2029-04-26,2025-12-29
A0210,AJ3427086,Laptop,2023-01-17,1328.6,macOS 15,Pending Disposal,Warehouse,17.0,2026-01-16,2025-04-27
A0211,IU4351751,Monitor,2022-06-13,178.53,,In Storage,Warehouse,20.0,2027-06-12,2026-03-22
A0212,UQ6990139,Desktop,2020-02-03,1354.55,Windows 10,Retired,Remote,42.0,2023-02-02,2025-05-29
A0213,PS5403317,Desktop,2023-02-01,1437.13,macOS 15,In Use,Remote,33.0,2026-01-31,2025-07-18
A0214,PW3854678,Laptop,2021-02-28,1371.38,Windows 11,In Storage,Warehouse,50.0,2026-02-27,2024-08-28
A0215,UA7717535,Desktop,2022-04-01,949.2,Windows 11,In Storage,Building A,19.0,2023-04-01,2023-11-14
A0216,SJ2048996,Laptop,2025-10-11,1760.51,macOS 15,In Storage,Remote,10.0,2028-10-10,2024-04-27
A0217,UP9378547,Desktop,2021-05-04,1614.48,macOS 15,In Storage,Remote,3.0,2026-05-03,2025-12-13
A0218,PD5228728,Monitor,2022-12-15,386.73,,In Storage,Remote,40.0,2025-12-14,2025-04-21
A0219,TJ1006231,Docking Station,2025-08-08,146.8,,In Storage,Warehouse,52.0,2030-08-07,2023-10-05
A0220,AI5099770,Desktop,2023-04-09,1104.63,macOS 15,Pending Disposal,Remote,50.0,2026-04-08,2025-05-21
A0221,ZL8484086,Docking Station,2019-10-25,200.58,,Pending Disposal,Building B,,2022-10-24,2024-01-20
A0222,RY2339845,Desktop,2020-05-28,1660.3,Windows 10,Pending Disposal,Warehouse,36.0,2021-05-28,2024-12-02
A0223,PP6793341,Laptop,2022-05-05,1270.58,Windows 11,Retired,Remote,58.0,2025-05-04,2026-01-04
A0224,FF6687002,Docking Station,2020-05-20,118.34,,In Storage,Remote,57.0,2023-05-20,2026-04-08
A0225,SK5918033,Laptop,2024-03-30,1439.37,macOS 14,Retired,Building B,25.0,2025-03-30,2025-02-27
A0226,BN1489025,Monitor,2020-01-22,228.59,,Retired,Building A,54.0,2023-01-21,2025-06-29
A0227,YR6142939,Desktop,2024-12-29,851.36,macOS 13,Pending Disposal,Building B,49.0,2029-12-28,2026-06-03
A0228,OE2185016,Docking Station,2022-01-19,223.07,,In Use,Building A,17.0,2025-01-18,2024-10-02
A0229,OW9650477,Desktop,2025-02-10,1303.68,macOS 15,Pending Disposal,Building A,50.0,2028-02-10,2025-05-23
A0230,TE2961943,Desktop,2022-05-11,1031.27,Windows 10,In Storage,Remote,41.0,2027-05-10,2023-12-23
A0231,TC2655110,Laptop,2020-10-23,1044.12,macOS 14,In Use,Building B,46.0,2023-10-23,2024-10-23
A0232,GA2126788,Monitor,2021-08-14,300.23,,Retired,Building B,37.0,2026-08-13,2024-01-16
A0233,GA2126788,Desktop,2020-05-11,1430.81,Windows 10,Retired,Building A,34.0,2021-05-11,2024-11-23
A0234,IR8398262,Docking Station,2020-04-28,274.67,,In Use,Remote,24.0,2023-04-28,2024-08-20
A0235,YE1264647,Laptop,2023-03-08,1364.22,Windows 10,Retired,Building B,47.0,2024-03-07,2024-10-24
A0236,TA7993712,Monitor,2026-05-04,196.69,,Retired,Warehouse,53.0,2029-05-03,2026-07-30
A0237,IT9657569,Docking Station,2022-01-21,296.16,,Pending Disposal,Building B,52.0,2025-01-20,2024-09-10
A0238,VS3752654,Laptop,2026-05-12,1830.86,macOS 14,In Use,Warehouse,13.0,2027-05-12,2025-08-18
A0239,KM3564651,Desktop,2026-07-03,1674.37,macOS 13,Retired,Remote,53.0,2031-07-02,2025-07-05
A0240,YY8073741,Monitor,2023-07-20,162.82,,In Storage,Warehouse,23.0,2024-07-19,2024-12-16
A0241,CM4342661,Monitor,2023-03-24,245.63,,Retired,Remote,57.0,2028-03-22,2025-03-03
A0242,OF8680589,Docking Station,2022-07-15,278.93,,Pending Disposal,Warehouse,12.0,2027-07-14,2024-01-22
A0243,YB5290965,Docking Station,2021-06-20,173.47,,Retired,Building A,47.0,2026-06-19,2024-01-19
A0244,CX3888993,Laptop,2020-06-03,1459.79,Windows 11,Retired,Warehouse,7.0,2021-06-03,2024-11-26
A0245,SA9825071,Monitor,2025-02-19,381.32,,Retired,Remote,39.0,2030-02-18,2026-06-29
A0246,EW2545738,Desktop,2020-05-01,1458.74,macOS 13,Pending Disposal,Building A,47.0,2023-05-01,2025-02-27
A0247,VP7514010,Docking Station,2022-10-18,154.91,,In Use,Building A,43.0,2027-10-17,2024-01-22
A0248,BD3828258,Monitor,2025-04-30,329.58,,In Storage,Building A,,2030-04-29,2024-06-05
A0249,CL2266093,Laptop,2022-07-26,1064.1,Windows 11,Retired,Warehouse,25.0,2023-07-26,2025-01-07
A0250,LX3341918,Desktop,2019-10-06,1446.97,macOS 13,Retired,Remote,49.0,2020-10-05,2024-09-16
A0251,ZL4785969,Desktop,2022-12-07,1282.41,macOS 14,Retired,Warehouse,16.0,2023-12-07,2024-01-28
A0252,RI7924991,Laptop,2022-03-12,1856.38,macOS 14,Pending Disposal,Building A,17.0,2025-03-11,2024-09-02
A0253,MI1252866,Docking Station,2021-05-26,142.91,,Retired,Remote,13.0,2022-05-26,2025-06-15
A0254,IL7828274,Desktop,2022-09-10,1638.11,macOS 14,In Storage,Remote,6.0,2025-09-09,2024-09-03
A0255,JG0507236,Monitor,2022-11-20,398.34,,Retired,Warehouse,55.0,2025-11-19,2025-09-09
A0256,BY7677219,Desktop,2022-08-05,1573.07,macOS 15,In Storage,Building A,13.0,2025-08-04,2026-01-06
A0257,VX4384279,Desktop,2021-10-10,1569.41,Windows 10,Retired,Warehouse,30.0,2024-10-09,2026-01-11
A0258,WC1914858,Laptop,2023-07-31,985.47,macOS 14,Pending Disposal,Remote,50.0,2028-07-29,2026-01-04
A0259,QW3613407,Laptop,2022-10-27,1062.92,macOS 13,In Use,Remote,30.0,2025-10-26,2026-04-26
A0260,KN1339596,Desktop,2020-05-04,1665.76,macOS 15,In Storage,Building B,28.0,2021-05-04,2024-02-24
A0261,IK3095849,Laptop,2021-03-06,1573.53,macOS 13,In Storage,Building B,21.0,2024-03-05,2024-09-13
A0262,DR4948126,Monitor,2024-08-28,481.62,,Retired,Building A,17.0,2027-08-28,2026-05-02
A0263,JK2325367,Monitor,2020-08-14,193.81,,Retired,Building A,33.0,2023-08-14,2025-08-18
A0264,SX6711684,Desktop,2024-02-15,888.32,macOS 15,Retired,Building A,53.0,2025-02-14,2025-02-04
A0265,ZN9017518,Laptop,2023-02-23,959.1,macOS 15,Retired,Building B,50.0,2028-02-22,2026-08-21
A0266,IK7454589,Laptop,2025-07-03,1547.45,macOS 15,Retired,Warehouse,31.0,2028-07-02,2026-04-16
A0267,CD0017012,Docking Station,2025-03-31,159.49,,In Use,Building A,11.0,2030-03-30,2023-09-25
A0268,QF3242415,Docking Station,2026-06-08,196.85,,In Storage,Warehouse,39.0,2029-06-07,2024-11-05
A0269,TG2064361,Monitor,2026-01-21,451.52,,Retired,Warehouse,26.0,2029-01-20,2023-09-26
A0270,SV2938700,Monitor,2023-01-25,330.24,,In Use,Warehouse,16.0,2028-01-24,2026-03-08
A0271,UZ6271361,Laptop,2026-08-24,1247.71,Windows 11,In Storage,Building A,4.0,2029-08-23,2024-01-15
A0272,KA4262218,Docking Station,2021-12-03,272.83,,Pending Disposal,Building B,56.0,2024-12-02,2025-07-24
A0273,FG5326973,Monitor,2020-11-17,476.81,,Retired,Building B,49.0,2023-11-17,2024-02-25
A0274,PF6565234,Docking Station,2020-08-04,299.19,,Pending Disposal,Remote,57.0,2023-08-04,2024-06-22
A0275,GM9404389,Docking Station,2023-12-09,104.64,,Pending Disposal,Remote,16.0,2026-12-08,2025-12-22
A0276,OM0376137,Monitor,2021-10-19,167.03,,Retired,Remote,39.0,2026-10-18,2023-12-11
A0277,XI0552696,Monitor,2025-12-13,337.84,,In Use,Remote,9.0,2028-12-12,2025-10-12
A0278,CD1091043,Monitor,2025-01-25,417.35,,Retired,Building A,26.0,2026-01-25,2026-07-30
A0279,IN4866618,Desktop,2022-07-08,1098.78,macOS 13,In Use,Remote,33.0,2027-07-07,2024-03-10
A0280,LO1832856,Monitor,2020-04-25,438.86,,In Use,Building B,7.0,2025-04-24,2026-01-08
A0281,BH1463031,Monitor,2024-04-11,428.21,,Retired,Warehouse,,2027-04-11,2025-02-02
A0282,FW4210202,Desktop,2023-12-29,1362.71,macOS 14,In Use,Building A,3.0,2026-12-28,2025-04-20
A0283,VZ4252410,Monitor,2025-03-18,431.39,,Pending Disposal,Building B,39.0,2028-03-17,2025-01-07
A0284,DF4917785,Monitor,2023-05-25,475.98,,Retired,Building B,26.0,2026-05-24,2026-04-23
A0285,AC2419138,Monitor,2020-11-24,327.56,,Pending Disposal,Warehouse,31.0,2021-11-24,2026-04-23
A0286,JZ0756220,Monitor,2019-10-26,265.93,,In Use,Remote,38.0,2022-10-25,2026-06-22
A0287,EK6353654,Laptop,2024-11-30,1675.98,macOS 13,In Storage,Building A,38.0,2029-11-29,2024-11-06
A0288,DS0238061,Desktop,2023-03-31,1276.66,macOS 15,Pending Disposal,Building B,53.0,2026-03-30,2026-01-19
A0289,KY1870534,Laptop,2021-11-27,1644.34,Windows 10,In Storage,Building A,29.0,2024-11-26,2024-08-23
A0290,JA7597383,Docking Station,2024-02-02,130.29,,In Storage,Remote,33.0,2029-01-31,2026-07-12
A0291,GN8505064,Laptop,2019-11-25,1817.51,macOS 15,In Storage,Warehouse,43.0,2024-11-23,2025-04-27
A0292,HA7024103,Docking Station,2021-05-25,162.75,,In Storage,Remote,59.0,2024-05-24,2025-11-01
A0293,LK1918261,Monitor,2022-05-04,386.55,,Retired,Remote,13.0,2025-05-03,2023-12-02
A0294,UC2344565,Monitor,2024-05-14,345.33,,In Storage,Warehouse,50.0,2027-05-14,2024-07-19
A0295,CD3291212,Desktop,2020-04-02,1459.26,macOS 14,Retired,Remote,23.0,2023-04-02,2024-09-03
A0296,FK5374741,Monitor,2020-07-29,192.66,,Pending Disposal,Remote,53.0,2023-07-29,2026-02-26
A0297,WZ9035213,Desktop,2021-11-10,1019.5,macOS 13,In Use,Warehouse,60.0,2026-11-09,2025-04-09
A0298,PG4206788,Monitor,2024-06-20,411.57,,In Storage,Building B,53.0,2027-06-20,2025-02-12
A0299,ZX2100323,Monitor,2025-05-10,198.05,,In Storage,Building B,4.0,2028-05-09,2025-10-16
A0300,MP1994101,Desktop,2026-04-17,757.74,macOS 14,Retired,Remote,7.0,2029-04-16,2025-01-23
A0301,BU5107029,Laptop,2020-08-19,2153.87,Windows 11,Pending Disposal,Remote,31.0,2023-08-19,2024-11-30
A0302,CJ6253244,Monitor,2019-12-09,262.41,,In Use,Building A,42.0,2022-12-08,2023-11-01
A0303,FR3476870,Laptop,2024-01-24,2087.2,Windows 11,Pending Disposal,Building B,60.0,2025-01-23,2024-11-17
A0304,IY8380657,Docking Station,2022-08-31,257.59,,In Storage,Warehouse,57.0,2023-08-31,2025-03-09
A0305,MO8564205,Laptop,2026-02-12,1287.91,macOS 15,In Use,Warehouse,,2031-02-11,2023-10-27
A0306,KG4078593,Docking Station,2025-05-28,277.85,,In Storage,Remote,18.0,2028-05-27,2024-06-22
A0307,LP8039652,Laptop,2021-06-02,1329.89,macOS 14,Retired,Building B,1.0,2024-06-01,2025-07-05
A0308,KM5905992,Monitor,2025-05-16,348.72,,In Storage,Building B,40.0,2030-05-15,2026-03-30
A0309,DO7842701,Docking Station,2025-05-27,203.06,,In Use,Remote,43.0,2026-05-27,2025-07-15
A0310,TL7059325,Desktop,2019-11-14,1779.85,macOS 14,Retired,Building B,1.0,2022-11-13,2026-06-27
A0311,HX5002921,Docking Station,2025-08-21,147.1,,Retired,Warehouse,20.0,2026-08-21,2026-08-12
A0312,KU6915452,Monitor,2022-05-06,378.79,,In Storage,Building A,43.0,2023-05-06,2026-07-30
A0313,QL7528953,Docking Station,2025-04-09,161.36,,Pending Disposal,Warehouse,45.0,2026-04-09,2026-03-05
A0314,CL4220969,Monitor,2022-05-19,278.64,,In Storage,Building B,9.0,2027-05-18,2025-07-16
A0315,VE9391725,Desktop,2026-03-06,1200.48,macOS 15,Retired,Remote,,2031-03-05,2024-06-11
A0316,PS2157043,Desktop,2026-08-09,1538.05,macOS 15,In Use,Remote,34.0,2029-08-08,2023-12-08
A0317,AF1006762,Laptop,2021-07-12,2092.42,Windows 10,In Use,Building B,37.0,2024-07-11,2026-05-18
A0318,EZ6179327,Desktop,2022-03-10,1060.93,macOS 15,Pending Disposal,Building A,44.0,2025-03-09,2026-04-08
A0319,KU5411526,Docking Station,2021-10-17,118.19,,Pending Disposal,Building A,30.0,2024-10-16,2023-12-16
A0320,PK1599706,Docking Station,2026-04-28,191.36,,In Use,Remote,44.0,2029-04-27,2025-07-21
A0321,UU0153368,Laptop,2022-10-08,1414.73,Windows 10,In Storage,Building A,3.0,2027-10-07,2025-05-08
A0322,FJ4310698,Monitor,2024-05-09,395.13,,In Use,Building A,60.0,2029-05-08,2023-11-23
A0323,NK1497310,Laptop,2019-10-04,1273.22,Windows 11,In Storage,Remote,24.0,2024-10-02,2025-08-24
A0324,FP7146774,Docking Station,2026-07-27,273.92,,Pending Disposal,Remote,6.0,2029-07-26,2025-05-13
A0325,DQ6527047,Monitor,2021-01-09,191.52,,Pending Disposal,Building B,47.0,2024-01-09,2024-05-29
A0326,WL0211586,Laptop,2021-08-11,1883.03,macOS 13,Pending Disposal,Remote,35.0,2026-08-10,2024-05-31
A0327,ET6868793,Desktop,2020-02-27,972.26,macOS 13,In Storage,Warehouse,13.0,2021-02-26,2023-12-20
A0328,HW0898992,Laptop,2026-01-18,1952.32,macOS 14,In Use,Building B,14.0,2027-01-18,2025-01-29
A0329,RB2332061,Laptop,2026-05-16,1672.13,macOS 14,In Use,Building B,48.0,2027-05-16,2024-05-03
A0330,JZ2945116,Docking Station,2025-06-27,187.79,,In Storage,Building A,9.0,2028-06-26,2025-05-22
A0331,HA8709986,Desktop,2025-09-22,1597.36,macOS 15,Retired,Warehouse,16.0,2028-09-21,2024-03-07
A0332,WA9119148,Desktop,2023-09-12,1784.27,macOS 15,In Storage,Remote,20.0,2026-09-11,2024-07-10
A0333,JN9970246,Laptop,2024-04-24,1623.73,macOS 15,In Storage,Remote,36.0,2029-04-23,2025-07-23
A0334,XB0653074,Laptop,2024-08-01,2163.98,macOS 14,Retired,Remote,27.0,2027-08-01,2024-09-29
A0335,VC4471324,Monitor,2025-04-14,281.76,,Pending Disposal,Building B,55.0,2028-04-13,2026-01-20
A0336,VF6913736,Monitor,2021-12-23,450.14,,In Storage,Remote,59.0,2022-12-23,2026-01-04
A0337,IX0821486,Docking Station,2025-10-19,293.56,,In Storage,Remote,16.0,2028-10-18,2026-04-15
A0338,DD0233030,Desktop,2025-11-19,1063.29,Windows 10,Pending Disposal,Warehouse,6.0,2028-11-18,2026-06-27
A0339,PX4578610,Laptop,2024-08-30,1249.0,macOS 15,In Use,Building A,13.0,2027-08-30,2025-03-13
A0340,VS7985524,Docking Station,2022-11-08,141.78,,Retired,Warehouse,59.0,2023-11-08,2024-01-02
A0341,RP0293333,Desktop,2019-12-04,1730.88,Windows 10,Pending Disposal,Building B,45.0,2022-12-03,2024-12-16
A0342,QM0722903,Docking Station,2019-11-15,283.03,,Retired,Warehouse,25.0,2024-11-13,2026-02-23
A0343,DT4665743,Monitor,2021-11-13,257.95,,Retired,Remote,30.0,2022-11-13,2025-10-06
A0344,PM6910858,Docking Station,2025-07-01,252.33,,Retired,Building B,24.0,2028-06-30,2025-07-23
A0345,QP1715454,Docking Station,2021-10-26,109.14,,In Storage,Building B,2.0,2024-10-25,2025-11-12
A0346,ZQ4328309,Docking Station,2025-12-22,159.04,,In Storage,Warehouse,15.0,2030-12-21,2024-09-09
A0347,VC0744666,Desktop,2020-09-16,1249.23,macOS 13,Retired,Remote,47.0,2025-09-15,2025-06-24
A0348,TK3538758,Docking Station,2026-09-10,133.65,,Retired,Building B,9.0,2031-09-09,2026-04-03
A0349,WL2417248,Desktop,2025-11-12,1708.59,macOS 15,In Use,Building A,54.0,2026-11-12,2026-07-28
A0350,XQ1353465,Laptop,2026-01-10,1893.64,macOS 14,In Storage,Building B,5.0,2029-01-09,2025-06-27
A0351,EM1709991,Laptop,2022-12-23,1184.34,macOS 14,Retired,Building A,40.0,2027-12-22,2025-03-26
A0352,MV6846022,Docking Station,2025-10-20,103.15,,Pending Disposal,Building A,2.0,2028-10-19,2024-12-16
A0353,OL7252175,Monitor,2023-09-19,156.0,,Pending Disposal,Building B,7.0,2024-09-18,2024-09-02
A0354,YW7432927,Desktop,2020-02-20,965.07,macOS 15,Retired,Warehouse,18.0,2025-02-18,2026-01-26
A0355,CI6666760,Laptop,2020-08-20,1384.97,macOS 14,Pending Disposal,Building B,45.0,2023-08-20,2024-04-30
A0356,OS0583003,Monitor,2022-05-05,389.41,,In Use,Building A,6.0,2027-05-04,2026-05-13
A0357,CT1689421,Docking Station,2021-11-30,175.43,,Pending Disposal,Building A,41.0,2022-11-30,2026-07-30
A0358,FW8985625,Desktop,2022-12-03,790.95,macOS 14,Retired,Building A,58.0,2023-12-03,2025-12-25
A0359,LG6033230,Desktop,2020-11-19,932.56,macOS 15,Pending Disposal,Warehouse,3.0,2021-11-19,2024-03-28
A0360,DQ0648909,Monitor,2022-04-19,464.76,,In Use,Building B,60.0,2025-04-18,2024-01-21
A0361,QE0167618,Laptop,2025-08-01,2149.91,macOS 15,In Storage,Remote,,2026-08-01,2025-11-02
A0362,MS0461849,Monitor,2021-03-03,206.86,,In Storage,Remote,44.0,2024-03-02,2024-02-22
A0363,FM1891411,Docking Station,2025-07-18,251.12,,In Storage,Building A,33.0,2028-07-17,2025-07-23
A0364,JF8356420,Laptop,2025-03-05,1026.99,Windows 11,In Use,Warehouse,39.0,2030-03-04,2026-06-18
A0365,KQ7530011,Monitor,2024-07-19,160.37,,Retired,Remote,32.0,2027-07-19,2025-03-19
A0366,QD8114374,Monitor,2026-05-17,343.56,,Pending Disposal,Remote,12.0,2031-05-16,2023-11-18
A0367,WC0455611,Laptop,2025-06-03,1903.82,macOS 13,In Storage,Building A,6.0,2028-06-02,2023-10-05
A0368,XV2557941,Desktop,2020-09-12,1118.0,Windows 11,Pending Disposal,Warehouse,24.0,2021-09-12,2024-04-12
A0369,IS7467621,Laptop,2022-07-15,906.75,macOS 13,Pending Disposal,Warehouse,49.0,2025-07-14,2025-11-29
A0370,LN2169797,Laptop,2026-08-07,1072.26,Windows 11,Pending Disposal,Remote,36.0,2031-08-06,2024-11-14
A0371,CE0277167,Laptop,2022-03-29,934.14,macOS 13,In Use,Warehouse,56.0,2027-03-28,2024-07-07
A0372,SS8993588,Laptop,2021-12-06,1279.4,macOS 14,In Use,Building B,37.0,2024-12-05,2025-08-02
A0373,DA3756289,Docking Station,2022-10-05,133.9,,Retired,Warehouse,18.0,2027-10-04,2025-08-30
A0374,VR7721753,Desktop,2020-10-30,769.59,macOS 14,Retired,Remote,20.0,2025-10-29,2023-11-19
A0375,CF6631779,Laptop,2021-04-16,1369.46,Windows 11,Pending Disposal,Building B,,2022-04-16,2026-04-20
A0376,JJ1701660,Desktop,2022-11-10,1035.12,macOS 14,Retired,Remote,52.0,2025-11-09,2023-09-25
A0377,VX9948837,Docking Station,2020-05-14,166.95,,In Storage,Warehouse,21.0,2023-05-14,2026-03-17
A0378,TC7589975,Docking Station,2025-06-12,162.84,,Pending Disposal,Warehouse,19.0,2030-06-11,2024-01-27
A0379,XS3055488,Desktop,2025-01-16,1058.47,macOS 13,Pending Disposal,Warehouse,8.0,2028-01-16,2024-01-19
A0380,MH7261493,Desktop,2026-01-03,1449.88,macOS 15,In Use,Remote,46.0,2029-01-02,2026-07-10
A0381,HX7351609,Docking Station,2022-06-25,259.54,,In Use,Remote,44.0,2027-06-24,2026-05-29
A0382,JB9827080,Desktop,2022-12-07,1396.67,Windows 11,Retired,Building B,46.0,2027-12-06,2026-04-01
A0383,QM8292216,Docking Station,2023-02-10,114.79,,Pending Disposal,Remote,35.0,2028-02-09,2025-07-20
A0384,SC6693465,Laptop,2021-12-25,1927.94,macOS 13,In Use,Building A,50.0,2024-12-24,2026-02-23
A0385,MN9848583,Monitor,2020-09-12,208.22,,In Use,Remote,49.0,2023-09-12,2025-08-09
A0386,WW5228851,Docking Station,2021-10-06,121.19,,In Use,Warehouse,15.0,2024-10-05,2025-06-02
A0387,BY6846081,Docking Station,2023-10-23,174.82,,Pending Disposal,Building B,23.0,2024-10-22,2024-03-02
A0388,SY3424420,Docking Station,2024-06-03,120.91,,Pending Disposal,Building A,8.0,2027-06-03,2024-08-13
A0389,VP0571983,Monitor,2025-01-02,259.16,,Pending Disposal,Building B,34.0,2030-01-01,2025-06-01
A0390,DA4066658,Monitor,2021-05-24,316.66,,Pending Disposal,Remote,21.0,2022-05-24,2025-12-18
A0391,XU7359893,Monitor,2021-02-25,165.64,,In Use,Building A,55.0,2024-02-25,2026-08-16
A0392,CB2122816,Laptop,2021-10-15,1780.28,Windows 11,In Storage,Building B,36.0,2024-10-14,2024-07-26
A0393,CJ2940572,Monitor,2021-07-31,345.95,,Pending Disposal,Building B,52.0,2026-07-30,2026-07-08
A0394,YT9479851,Desktop,2023-11-28,905.03,macOS 14,Pending Disposal,Building A,48.0,2026-11-27,2024-09-07
A0395,IZ2818268,Docking Station,2021-04-09,218.44,,Pending Disposal,Building A,46.0,2024-04-08,2024-01-03
A0396,HE3555439,Desktop,2021-04-12,1006.18,Windows 10,In Use,Building B,24.0,2024-04-11,2026-09-21
A0397,PC0157399,Desktop,2025-06-30,1203.31,macOS 13,Pending Disposal,Warehouse,39.0,2030-06-29,2025-10-12
A0398,XX1648408,Docking Station,2021-12-23,217.4,,Retired,Warehouse,55.0,2026-12-22,2025-04-10
A0399,GK7043581,Desktop,2023-04-17,1595.11,macOS 13,In Use,Building B,21.0,2024-04-16,2026-08-24
A0400,NI8013361,Desktop,2025-02-21,1035.92,Windows 11,Retired,Building B,33.0,2030-02-20,2026-03-21
A0401,FE6120750,Docking Station,2025-11-17,219.29,,Pending Disposal,Remote,12.0,2030-11-16,2023-11-23
A0402,CO8193466,Desktop,2025-04-16,1310.4,macOS 14,Retired,Building B,12.0,2028-04-15,2024-12-11
A0403,CS6180919,Docking Station,2021-12-11,223.88,,Retired,Building A,32.0,2024-12-10,2026-04-11
A0404,WC8144914,Desktop,2022-03-27,1596.74,macOS 15,Pending Disposal,Remote,44.0,2027-03-26,2024-11-16
A0405,YZ0728326,Docking Station,2025-06-26,242.03,,Pending Disposal,Remote,11.0,2026-06-26,2026-04-13
A0406,HC2450882,Laptop,2021-10-17,1934.65,Windows 11,Retired,Building A,18.0,2024-10-16,2023-09-30
A0407,AP8814353,Monitor,2023-11-28,208.87,,Pending Disposal,Remote,36.0,2024-11-27,2026-04-15
A0408,QZ2394312,Laptop,2020-09-23,1248.26,macOS 15,Retired,Building A,49.0,2025-09-22,2025-06-07
A0409,GM8781414,Desktop,2020-02-11,1788.75,Windows 10,In Storage,Warehouse,56.0,2021-02-10,2025-11-28
A0410,EM5523149,Docking Station,2023-02-21,152.56,,In Use,Remote,56.0,2024-02-21,2024-09-07
A0411,EM5523149,Desktop,2022-11-19,930.87,macOS 15,Retired,Remote,11.0,2025-11-18,2026-08-10
A0412,RU5336452,Desktop,2020-11-29,1594.88,Windows 10,Retired,Warehouse,39.0,2023-11-29,2024-09-22
A0413,PM7547812,Monitor,2023-02-02,492.65,,Retired,Warehouse,37.0,2026-02-01,2023-12-23
A0414,GO2834110,Laptop,2021-09-11,1076.27,macOS 14,In Use,Warehouse,56.0,2024-09-10,2023-10-29
A0415,IE6930848,Desktop,2023-10-21,974.64,macOS 13,In Storage,Remote,32.0,2026-10-20,2025-09-10
A0416,GF6394278,Monitor,2020-10-08,369.73,,Pending Disposal,Remote,5.0,2021-10-08,2024-12-02
A0417,LK3928272,Docking Station,2023-03-31,203.12,,Retired,Warehouse,30.0,2028-03-29,2026-07-30
A0418,EQ2750373,Monitor,2024-05-06,353.68,,In Use,Remote,41.0,2027-05-06,2024-11-02
A0419,CP3856770,Laptop,2020-01-12,1934.38,macOS 14,In Storage,Remote,53.0,2023-01-11,2024-09-14
A0420,YP8449892,Docking Station,2024-08-27,153.71,,Retired,Warehouse,36.0,2027-08-27,2024-11-12
A0421,WW1846386,Docking Station,2023-11-05,257.66,,In Use,Building A,7.0,2028-11-03,2025-03-11
A0422,EG9082723,Laptop,2023-02-08,1061.51,Windows 11,Pending Disposal,Remote,1.0,2028-02-07,2025-08-30
A0423,ZV2259136,Desktop,2021-03-18,1795.26,Windows 11,Retired,Building B,56.0,2024-03-17,2025-11-22
A0424,PC7739260,Laptop,2023-02-06,1750.96,macOS 13,In Use,Warehouse,43.0,2026-02-05,2024-02-12
A0425,QL2809202,Laptop,2023-11-17,1415.24,macOS 13,In Storage,Remote,42.0,2024-11-16,2025-04-13
A0426,EE9041379,Laptop,2022-07-27,901.41,macOS 14,In Use,Building B,38.0,2025-07-26,2024-03-29
A0427,KU9292984,Docking Station,2025-07-17,101.86,,Retired,Building A,56.0,2030-07-16,2025-10-15
A0428,GB9913662,Desktop,2026-03-09,1225.47,Windows 11,Pending Disposal,Building A,47.0,2027-03-09,2024-05-03
A0429,NM8629127,Laptop,2025-09-30,1307.36,macOS 13,In Storage,Remote,50.0,2028-09-29,2023-11-06
A0430,AX8117298,Desktop,2025-03-20,775.25,macOS 15,In Use,Building B,29.0,2028-03-19,2025-10-07
A0431,YX6508637,Desktop,2022-10-01,1390.89,Windows 11,Pending Disposal,Remote,56.0,2025-09-30,2024-11-15
A0432,FS9162473,Laptop,2023-11-08,2065.57,Windows 11,In Use,Remote,23.0,2028-11-06,2025-07-11
A0433,HA4300981,Monitor,2023-07-15,426.88,,In Storage,Warehouse,42.0,2024-07-14,2024-11-09
A0434,QQ5651269,Desktop,2021-03-03,1308.74,macOS 15,Retired,Building A,55.0,2024-03-02,2026-04-19
A0435,QQ5651269,Desktop,2022-09-11,1269.52,macOS 15,In Storage,Remote,19.0,2023-09-11,2025-03-06
A0436,VI8744956,Desktop,2022-04-28,1244.38,Windows 10,In Storage,Remote,41.0,2023-04-28,2026-04-19
A0437,YV3721386,Laptop,2024-05-06,2182.95,macOS 13,In Storage,Remote,56.0,2029-05-05,2026-02-18
A0438,MB0260127,Monitor,2024-01-11,341.22,,In Storage,Remote,50.0,2025-01-10,2023-12-30
A0439,PH5190669,Laptop,2021-07-28,1663.57,Windows 10,Retired,Building B,3.0,2022-07-28,2024-08-03
A0440,SM0277038,Docking Station,2026-06-22,201.32,,Pending Disposal,Remote,45.0,2031-06-21,2023-10-31
A0441,PA8392053,Laptop,2023-12-05,1732.7,macOS 15,In Storage,Warehouse,6.0,2026-12-04,2026-08-29
A0442,HA4656693,Laptop,2020-05-03,1564.7,Windows 11,In Storage,Warehouse,26.0,2021-05-03,2025-12-10
A0443,RO1848955,Monitor,2020-03-18,394.54,,In Storage,Building A,16.0,2021-03-18,2025-07-20
A0444,GJ6904268,Docking Station,2021-02-03,123.2,,In Use,Warehouse,43.0,2024-02-03,2023-12-13
A0445,YK1848947,Laptop,2021-10-16,916.46,Windows 11,In Use,Building B,32.0,2024-10-15,2025-03-08
A0446,QE5779071,Monitor,2021-06-07,208.44,,In Storage,Warehouse,47.0,2022-06-07,2024-11-17
A0447,AS3356588,Laptop,2025-04-01,1335.51,macOS 14,Retired,Building A,17.0,2026-04-01,2026-03-25
A0448,UW1651827,Docking Station,2021-06-20,191.04,,Retired,Building A,32.0,2024-06-19,2024-05-21
A0449,NO2373334,Monitor,2023-09-30,205.06,,In Use,Building A,15.0,2024-09-29,2024-05-04
A0450,NA9521117,Laptop,2021-06-24,2016.3,Windows 10,In Storage,Building A,31.0,2024-06-23,2026-01-09
A0451,RF0759579,Docking Station,2023-07-10,284.05,,In Storage,Building A,36.0,2028-07-08,2024-04-12
A0452,HZ8463920,Desktop,2025-01-29,1053.98,macOS 14,Retired,Warehouse,53.0,2026-01-29,2024-12-31
A0453,SH0856271,Monitor,2026-04-22,191.79,,In Use,Building B,15.0,2027-04-22,2025-02-10
A0454,NQ0369155,Docking Station,2024-07-21,113.79,,Pending Disposal,Warehouse,50.0,2027-07-21,2024-04-17
A0455,BN4795527,Monitor,2021-07-27,180.23,,Pending Disposal,Building A,,2024-07-26,2024-12-27
A0456,KR5647292,Monitor,2024-12-29,347.33,,Retired,Building B,30.0,2027-12-29,2024-06-01
A0457,ZV4386632,Docking Station,2020-06-06,299.56,,In Storage,Building B,10.0,2021-06-06,2024-03-06
A0458,YF2672885,Docking Station,2025-05-15,104.78,,Retired,Building A,,2026-05-15,2024-08-18
A0459,QE9061203,Docking Station,2023-08-31,269.8,,Retired,Building A,14.0,2026-08-30,2026-04-01
A0460,WB5455884,Docking Station,2020-05-28,198.41,,In Use,Building B,,2023-05-28,2024-12-19
A0461,WU9399824,Laptop,2022-03-10,957.07,Windows 11,Pending Disposal,Warehouse,30.0,2023-03-10,2025-10-01
A0462,KO7169472,Laptop,2023-02-22,1557.06,macOS 14,In Use,Building A,28.0,2026-02-21,2026-02-26
A0463,OU9961125,Desktop,2022-02-03,1020.84,macOS 13,Pending Disposal,Warehouse,21.0,2027-02-02,2024-09-06
A0464,HC4964759,Monitor,2021-10-08,231.76,,In Storage,Building B,50.0,2022-10-08,2024-12-21
A0465,ZG0234132,Desktop,2021-01-07,816.22,macOS 14,Pending Disposal,Warehouse,27.0,2022-01-07,2024-01-07
A0466,GQ7800681,Monitor,2026-04-15,487.62,,In Storage,Remote,20.0,2031-04-14,2025-08-02
A0467,IH6433472,Monitor,2020-04-27,448.37,,In Use,Building B,52.0,2023-04-27,2026-04-01
A0468,CI5577848,Laptop,2019-12-07,1179.53,macOS 13,In Storage,Building A,46.0,2022-12-06,2026-08-22
A0469,OO2997968,Monitor,2024-08-12,288.69,,In Use,Warehouse,17.0,2027-08-12,2025-05-02
A0470,AQ7831745,Laptop,2026-02-03,2137.73,macOS 14,In Storage,Building A,30.0,2027-02-03,2024-03-13
A0471,SF8254780,Desktop,2019-10-21,833.6,Windows 10,In Storage,Building B,13.0,2024-10-19,2026-07-28
A0472,XM0649308,Monitor,2023-01-26,390.2,,In Use,Warehouse,59.0,2024-01-26,2024-12-19
A0473,FB6326634,Laptop,2023-08-27,2196.31,Windows 11,Pending Disposal,Building B,6.0,2026-08-26,2025-08-10
A0474,EL9448463,Laptop,2023-05-07,955.51,macOS 14,In Use,Building B,60.0,2028-05-05,2024-02-21
A0475,UB7974973,Docking Station,2020-07-03,199.23,,Pending Disposal,Remote,12.0,2023-07-03,2024-03-09
A0476,UA0214427,Desktop,2026-07-08,1699.13,macOS 13,Retired,Remote,57.0,2029-07-07,2024-06-06
A0477,DS7356475,Laptop,2020-10-14,1698.34,macOS 15,In Storage,Warehouse,32.0,2025-10-13,2026-02-08
A0478,LM2046187,Docking Station,2022-01-16,112.2,,Retired,Remote,9.0,2027-01-15,2026-06-02
A0479,VC6013673,Desktop,2021-06-25,1406.92,macOS 15,In Storage,Building A,25.0,2024-06-24,2024-04-30
A0480,KO1837645,Docking Station,2024-11-16,208.9,,Pending Disposal,Warehouse,59.0,2027-11-16,2025-12-01
A0481,XD8814743,Docking Station,2024-12-10,154.09,,In Use,Warehouse,39.0,2027-12-10,2026-04-28
A0482,LH1365024,Laptop,2021-04-03,2064.49,macOS 13,In Use,Remote,34.0,2024-04-02,2024-12-01
A0483,PK0979251,Desktop,2021-06-07,1771.38,Windows 10,In Storage,Building B,,2022-06-07,2025-03-25
A0484,IF5005281,Desktop,2024-07-13,1333.26,macOS 14,Retired,Building B,12.0,2027-07-13,2024-06-06
A0485,QC5730652,Monitor,2026-08-08,432.17,,Retired,Building A,46.0,2029-08-07,2025-03-09
A0486,WU4873928,Desktop,2022-10-17,1319.42,Windows 11,Pending Disposal,Warehouse,12.0,2027-10-16,2025-12-05
A0487,SQ9821827,Laptop,2021-08-28,1017.33,Windows 11,In Storage,Building A,34.0,2026-08-27,2025-05-10
A0488,PU8620959,Laptop,2022-11-28,1331.25,macOS 15,In Storage,Building B,22.0,2025-11-27,2025-11-23
A0489,PU8620959,Monitor,2024-05-03,170.84,,In Storage,Building B,50.0,2025-05-03,2024-09-12
A0490,CM1181022,Monitor,2024-03-20,486.2,,Retired,Remote,38.0,2025-03-20,2024-01-20
A0491,QD0967899,Monitor,2021-01-26,255.62,,In Storage,Building B,47.0,2026-01-25,2024-10-30
A0492,XJ1037170,Docking Station,2023-12-21,229.84,,In Storage,Warehouse,15.0,2026-12-20,2025-12-17
A0493,TE5094801,Docking Station,2025-12-17,161.36,,Retired,Building B,12.0,2026-12-17,2026-07-26
A0494,HQ1138633,Docking Station,2026-06-15,270.15,,In Use,Building B,39.0,2029-06-14,2024-06-23
A0495,RD2886195,Desktop,2024-02-09,1403.61,Windows 10,Pending Disposal,Building B,22.0,2025-02-08,2025-11-02
A0496,QK1228685,Desktop,2022-09-20,1081.49,macOS 13,In Storage,Building A,53.0,2025-09-19,2025-05-02
A0497,UU5585566,Docking Station,2023-12-06,102.28,,In Storage,Building B,45.0,2024-12-05,2025-07-22
A0498,ZA3684577,Monitor,2023-09-03,239.83,,In Use,Building A,4.0,2028-09-01,2025-11-29
A0499,ON9082404,Docking Station,2026-08-11,246.52,,In Storage,Remote,32.0,2031-08-10,2026-04-19
A0500,GC4888992,Monitor,2019-11-19,341.11,,In Use,Remote,51.0,2022-11-18,2025-02-10
